epoch,best_acc@1,loss,acc@1,acc@5,f1-micro,training_loss,training_acc@1,training_acc@5,training_f1-micro,training_learning-rate
0,0.02,367.78099765625,0.02,0.103,0.02,445.751255625,0.02,0.10104,0.02,0.0005
1,0.0286,3.923694842529297,0.0286,0.1316,0.0286,3.9421284448242186,0.02468,0.11804,0.02468,0.050449999999999995
2,0.1132,3.495612652587891,0.1132,0.3462,0.1132,3.6491755224609377,0.086,0.2772,0.086,0.10039999999999999
3,0.1482,3.3015346008300783,0.1482,0.425,0.1482,3.474909208984375,0.11616,0.34968,0.11616,0.15034999999999998
4,0.1858,3.150982629394531,0.1858,0.473,0.1858,3.5315560205078125,0.1246,0.35188,0.1246,0.20029999999999998
5,0.1888,3.112969354248047,0.1888,0.4838,0.1888,3.3390391650390625,0.14644,0.40108,0.14644,0.25025
