epoch,best_acc@1,loss,acc@1,acc@5,f1-micro,training_loss,training_acc@1,training_acc@5,training_f1-micro,training_learning-rate
0,0.02,140.733790234375,0.02,0.1012,0.02,205.07409796875,0.02,0.10008,0.02,0.0005
1,0.025,3.9283994018554687,0.025,0.113,0.025,3.937009743652344,0.02164,0.11512,0.02164,0.050449999999999995
2,0.1022,3.6039254821777345,0.1022,0.3354,0.1022,3.701282802734375,0.08892,0.27832,0.08892,0.10039999999999999
