phase,acc@avg,acc@1,acc@5,f1-micro,loss
0,0.8098,0.8098,0.946,0.8098,3.2535813046610835
1,0.71985,0.6299,0.8752,0.6299,4.152180895609746
