epoch,best_acc@1,loss,acc@1,acc@5,f1-micro,training_loss,training_acc@1,training_acc@5,training_f1-micro,training_learning-rate
0,0.02,102.79375739061385,0.02,0.096,0.02,115.060516640625,0.02,0.10088,0.02,0.0005
1,0.0512,3.794719504547119,0.0512,0.1964,0.0512,3.839788345336914,0.04364,0.17136,0.04364,0.050449999999999995
